"gene_symbol","0","1","10","11","12","13","14","15","16","17","2","3","4","5","6","7","8","9"
"CD3D",1.63897393978172,0.0134792233292598,0.625870346993268,0.00994780045196679,0.0146496976363099,0.0171546947837872,0.0389387734429747,0.0286319562443845,0.0159385535054667,0.0545759619275688,1.88313926297458,2.26214532730261,0.0298676398892824,0.0158199203973071,0.0169050502046498,0.0147284805929787,0.0138294488949837,0.0172484492399218
"CD3E",1.17317530915443,0.00820272844255839,0.387311072225903,0.010433103934126,0.0190881326792229,0.00928996180290632,0.00831613803247051,0.0272711014762606,0.00422689765393188,0.058159952845888,1.39092426439365,1.53413593710088,0.0198411133640925,0.0102791868684888,0.00425087015060611,0.0109505323947274,0.0250625574681896,0.00524095892659393
"TRAC",1.34179639162676,0.213542976055726,0.731854514041574,0.00361394070964015,0.0353279662129264,0.0445145568616428,0.0229160798076834,0.0333592163479115,0.0690288969589624,0.0211556143591146,1.4528320456479,2.10936635849608,0.0242832963871356,0.0326961296078362,0.0134373100237946,0.0157121068014943,0.0171069132537196,0.168766429843795
"CD2",1.3521046050118,0.00822210938538967,0.491553376879266,0.0068395089933072,0.00633146072235804,0.0308546140312745,0.0153519974177416,0.0317885425164618,0.00775102265657787,0.084386657288415,1.53343677748328,2.12442490822946,0.0235641028645936,0.00789128005875611,0.0125963846662741,0.0222598801398254,0.0266084309255724,0.0098641638021079
"IL7R",2.34686328542108,0.0264411987840621,0.293773700375568,0.0461361243190296,0.0463876053529674,0.0318405083876885,0.046700780613217,1.30628812254723,0.0121018365563315,0.317990615315239,1.57338400521443,2.0062706175898,0.0435529182408236,0.0231760243921194,0.524790639852526,0.694880838810951,0.0278787313831914,0.212687292745489
"NKG7",0.0359895513233991,0.0102926151043231,0.368960534521389,0.0791978754617433,0.0141409219121897,0.0205282430847778,0.0106639796272717,0.0226851140797343,0.0217500828715977,0.528140470799329,2.03880309224969,0.150953083263148,0.00815974787707146,0.00710193906353796,0.101214202875813,0.139756458592723,0.0259560578635584,0.010980891084311
"GNLY",0.0167958951273574,0.00775464183380012,0.199026699256839,0.00248245458504826,0.0129159640593328,0.0324725989136064,0.00351171572770538,0,0.0175280169416121,0,0.839680090665646,0.0967621598473113,0.0065683842368056,0.00928114349067486,0.0118260367397285,0.0084040300362243,0.0196717655933757,0.0168166497627989
"KLRD1",0.0127477239491035,0.00141591026687833,0.100616516536284,0,0.0187034299988214,0.0104411439442552,0,0,0,0,0.890029032503143,0.012942259431796,0.00363869408058105,0.0024974383411958,0.00409610717444139,0.00138887609098986,0.0188474256821156,0.0686008919288089
"KLRF1",0.00232740885755772,0.00583598192094937,0.0139775308430519,0.00510592539305072,0,0.0135375164513053,0,0,0,0.0248379050105599,0.103471933052617,0.00104262925533894,0.00123957254723117,0.00327953678526726,0.00667783823375797,0.00122654795518262,0,0.0164150453130647
"PRF1",0.0198901911357058,0.00100446071850395,0.0829932622162396,0.00323468574238402,0.0104924230842127,0.00386398502785014,0.0190936694641846,0.0240917988413379,0.00265145588116819,0.0118656058698069,0.706803271224379,0.111005121675098,0.00131871321209753,0.00131409816221867,0.00327035642835897,0.00427815471700155,0.00762748795124425,0.003260973722384
"MS4A1",0.0887666434916795,1.79022790404668,1.10929146375839,0.0126307856900276,0.00721363649309502,0.0255670149595185,0.000907927809937571,0.00516664921570095,0.00301429616538752,0,0.0329643322125212,0.00857461473559017,0.0121442325386939,0.0183290546402416,0.0114573189738277,0.00929470369551642,0.0271863446189752,0.0057778717871335
"CD79A",0.0725938010505111,2.06778436466015,1.216966331125,0.00974176667066255,0.017419732389541,0.0189910433109543,0.00744628068204016,0.0135939467212338,1.02034681977026,0.108903048371937,0.0229176655230961,0.0778284822787151,0.0232853113857307,0.970448245803823,0.013160195660442,0.0120096900979018,0.0258570910504263,0.0141848698893822
"CD79B",0.0694916007746305,0.681079175840706,1.03431749239793,0.0539141340951732,0.0232923282817915,0.123772869232605,0.0189416784065723,0,0.577008667675798,0.039507688867821,0.0381050474541861,0.195959000066166,0.0085914067616046,0.189489824856142,0.0077843810695194,0.0276880873292266,0.0131190057109129,0.0121130202526802
"CD37",1.04755185537925,2.39715140871684,1.42220598828087,1.1576062238681,0.024590414625235,0.0379343419348947,0.0375100265876461,0.280526724016629,0.310999607185343,1.36297404182669,0.976322475546409,1.1381521025582,0.0341998445352096,0.168088262033093,0.657246242380836,0.64521153317519,0.572258010039065,0.0105074992465096
"CD22",0.0188336346230619,0.447940399292432,0.580582497430408,0.339262878964388,0.00339021272600416,0.00524475414972335,0,0,0,0.0200892526898367,0.00113553685615788,0.00234515782198968,0.00370559269644423,0.00485949830408206,0.0133800596140314,0.031464182609066,0.0494120180821589,0.000605614924072677
"MZB1",0.0431136713741313,0.102562926518202,0.368524391414395,0.0185547794197413,0.0177942348926216,0.0307755894852463,0.0312211803592327,0.0366398932513222,3.34910804847004,1.10849851798566,0.0923675171010166,0.120937671032373,0.0356772460718108,2.44280112587,0.0484404923956865,0.0280941100924348,0.0701727258344226,0.0311025395859929
"JCHAIN",0.445653010472525,0.972163012533893,0.829103051665697,0.395740731219075,0.292613011370992,0.361632042097621,0.457681499799805,0.426462103774039,4.52328836178469,2.51716400191564,0.428075113460969,0.364405103876251,0.456671505880919,5.43618066485085,0.451875357940745,0.295523103211015,0.590730798788834,0.330747389271575
"SDC1",0.00154901358097909,0.00176989311818333,0.0042365913472388,0.0049478440888072,0.00466435200410324,0.01918653602188,0.196668894309838,0,0.323387237486895,0,0.0018923878887131,0.00182273729133426,0.26375722325073,0.365242783166723,0.00436519482629657,0,0.00152748411538492,0.150059337824574
"DERL3",0.0104695490417035,0.135706056567179,0.0815714749157373,0.0294337953305343,0.0652493350066973,0.0308436408482512,0.0176620335461554,0.00232794455198972,1.6486944114466,0.821532558421503,0.00922865746816273,0.00741826062711125,0.0343000718107909,1.5512210663985,0.0260949250215696,0.0101798849927181,0.0223705463897473,0.121342963552164
"XBP1",0.371468853594945,0.236210615683012,0.338241038791479,0.727304814355689,0.479967677945101,0.340636865314137,0.576484695960745,0.294811721503211,2.44779537539628,1.33631385088491,0.410548706638452,0.349088270022658,0.565833633436969,1.83535956682125,0.438946081849733,0.855949257969564,0.327538562905646,0.538473436164015
"LYZ",0.0611478005328673,0.0646697920682834,0.439941600782719,0.0768876478077857,0.0481404953847588,0.0804610453207783,0.28026913735192,1.13374591018939,0.0817270123590336,0.147104089842939,0.082322217443972,0.0759914227183606,0.879281719109625,0.0475837010022512,2.8923503657265,3.13079398467586,0.481317757104149,0.0647913799303762
"LST1",0.0795604730015458,0.115428360260239,0.305774379740439,0.10112499649364,0.00533744028526811,0.0161896845208156,0.0120207806912384,0.529473071493293,0.0183573154468271,0.415729263468188,0.146801132655032,0.15692636674585,0.0292457499358913,0.0155907613494133,1.14747469263752,1.27715766734112,1.75459651775715,0.00845244425816265
"TYROBP",0.0305863430843296,0.0430821411805001,0.380264015581208,1.42354978451146,0.0428119608208108,0.0413554796343697,0.0147110335362998,1.74148870459103,0.045520681743739,1.92896244632266,0.30203754203035,0.0421357830591044,0.0473303487934397,0.0274713896847107,2.71652556718602,2.63077787919184,2.50935796766061,0.0534236878936241
"FCER1G",0.0385132176227335,0.0402377348005475,0.393950483831815,2.036126296526,0.0416642821320474,0.0425946509782944,0.0394357127246722,0.296907395616391,0.0189286186667759,1.81659068277172,0.271301427060063,0.0387311181545705,0.0473383637203473,0.0325116471587661,2.82763473430467,2.78724863760864,2.37893887448626,0.0343345620818021
"AIF1",0.176100791182204,0.0584154223013313,0.507868310779053,0.107138272274303,0.0224845934851992,0.0403240515466093,0.0368227684225648,0.557797328515011,0.021541237938514,0.435680732791864,0.0902937735644303,0.057085563193219,0.0373694643636615,0.0172576550374847,2.42363573146776,2.13357123613179,1.50873155482216,0.0192060996952201
"C1QA",0.0389006432178221,0.0506916557134576,0.399755848096721,0.0379506164627527,0.0410502348768535,0.050281566313671,0.0576159845117764,0.104848286707113,0.0314115900628576,0.0564614856195853,0.0453635877243458,0.0404855501331024,0.0383545731911073,0.0266457476973927,3.16923071485933,0.609178297497132,0.0443014567557525,0.0386737704918773
"CD68",0.0288899852012389,0.0789970148990545,0.227570989330731,0.245422018742745,0.0516319573692286,0.0649753997949958,0.0917947683694267,0.130064271116608,0.0309191686579472,0.70642106155399,0.0224096293258699,0.0200461833770026,0.108544620006281,0.0185314180931908,2.01670483756206,1.34483643587849,0.130788870990617,0.116690689791015
"FCER1A",0,0,0.00133742947566998,0.485592602588459,0,0,0,0.0174399863787363,0,0.180848945338124,0.00080404100455272,0.000690060256950242,0.000282281151824057,8.38158884854762e-05,0.00549138028752527,0.0530724574713288,0,0
"CD1C",0.00193040462720508,0.186029666473913,0.0626265321301613,0,0,0.00260466716179512,0,0.0680244899891932,0.0114934250142705,0,0.000921319404827876,0.000366147855720066,0.00144593978252309,0.00158740489487435,0.016101753139286,0.135934236035307,0,0
"CLEC10A",0.00154427819923052,0.00113492110192466,0.0283251471267663,0.00282414362971624,0.00146038910878603,0.00109281016526088,0.00222261286859344,0.0725661611355265,0.00422826832526415,0,0,0.00103427571418101,0.00663620577484834,0.00078287854629719,0.207923153881999,0.34429073453234,0.001938283091581,0
"CLEC9A",0.000269290569095174,0,0.00645294315107622,0,0.00126554067957667,0.00178672119939132,0,0.095588085946849,0,0,0,0.00108087769605145,0.00123388225579232,0,0.0161630650016636,0.0168147495865474,0.0216063181988556,0
"LILRA4",0.000442065609300301,0.00979996623208789,0.00102732850781811,0,0,0,0,0.00458841314206019,0,1.13247323095236,0,0,0.000672958373958548,0.000626089245804321,0.00704642235346854,0.00200925298612153,0,0
"TPSAB1",0.00593075393023446,0.00607986416913247,0.0183499013019684,4.22514570592012,0.00785232097758371,0.012446438151093,0.0174505406056501,0,0.019845957566073,0.0174543396026783,0.00983879616751065,0.00436294432227886,0.00800414657018228,0.0081778291604391,0.00896832927398184,0.00492718518166298,0.0087417899030362,0.00155436695896612
"TPSB2",0.0141225209259246,0.0061049443554868,0.0164503012316199,4.6850043382787,0.0216380322649718,0.0301271869290247,0.035302198101132,0.014423889053399,0.0137180436544828,0,0.012928079504501,0.0121851401070967,0.0162505082413896,0.012597611605433,0.0157394189708124,0.0179206846697311,0.0147784202959402,0.02195863557336
"CPA3",0.00102840555480477,0.00217904933274104,0.0112908425948109,3.4306226500584,0.00745350854534863,0.00233616357850886,0,0,0,0,0.00287811300431539,0.00294505381120487,0.00399356295055048,0.00556486842785854,0.00865081580617078,0.00229681420006177,0.00463453625375171,0.00368322080478956
"KIT",0.00621961367324622,0,0.00874532041093186,1.8398832265574,0.00261851132092289,0.071082583748759,0.000754754049608183,0.0106237109991115,0,0,0.0244960839411882,0.00664858790990775,0.0104087064119158,0.000195604159412231,0.00159189113856478,0.0034759178030384,0.00284471736614357,0.003814078802144
"MS4A2",0.00129764179950349,0.000664416388874478,0.00466437334110154,2.06712411385151,0.0100377894682345,0.0028618246882687,0,0,0,0,0.00111458788671102,0,0.00168120962744477,0.00262162383185497,0.00213092778781994,0,0.00344585435004246,0
"EPCAM",0.0329943365166868,0.0278364423493777,0.0258370778296375,0.0232743360852507,0.0462310154539927,0.0520734476630066,1.97700221586343,0.0611631878587786,0.0344110731964248,0.060045235756312,0.0289029899898787,0.0297169646817426,1.73470311690017,0.0313597346818185,0.0380528401354163,0.0359481144931116,0.0568120914162552,0.0406441377708563
"KRT8",0.0635054101309661,0.068105379253392,0.0517469938357378,0.0449388320933688,0.241342410065066,0.173136267720724,2.50586264287483,0.0485239922392206,0.119311896754453,0.135146394630381,0.0673560574604239,0.0701434756576695,2.50368987976877,0.0546874947120624,0.0900990526993084,0.0584623063931043,0.105697495617752,0.21534554912612
"KRT18",0.0976973767102437,0.0794816326155431,0.0747947719890508,0.04991181222222,0.364912774039924,0.29505950801637,2.07748337612856,0.0763465865610028,0.067703761520488,0.0196367551605127,0.108328540754029,0.0705263218306768,2.64015662373792,0.0735183308635687,0.0868207589609809,0.0582599991286783,0.139547079536827,0.205472541348307
"KRT19",0.0320161580352073,0.0345795663035714,0.0283162750235757,0.276244388698193,0.0455746369709697,0.0578271525132044,1.79365867632416,0.0372876701602995,0.0329453751799871,0.0263982046263601,0.0382849079815746,0.0394738143008726,1.83356689840625,0.0260404826570841,0.0453904456271761,0.030181221997549,0.0478335791533283,0.0371882187589841
"KRT20",0.0075479208897558,0.00438386682254583,0.00679345422562463,0.00662488678071109,0.000766364398470833,0.0207981016412177,0.409772514322132,0.00977283258027745,0.0130045062429583,0,0.00836964404462678,0.00750036816248779,0.746993035327302,0.00754703779346268,0.00555419119428784,0.00402939545591363,0.0187740008554795,0.00477114545269575
"CDH1",0.00591836397239475,0.00558118314344819,0.0112833176517501,0,0.00269007850632701,0.00513464634193273,0.445468954786771,0.00646796339689297,0.0176712463390707,0.206427415490281,0.0026947149848575,0.008731031143128,0.587478605182972,0.0101220637394272,0.00955736880104428,0.00704445173903599,0.00680691124122003,0.00635152582888186
"COL1A1",0.0309637085225402,0.0206530434281992,0.0180192096562243,0.0178895345308307,2.39875910636721,0.08466245326056,0.0334632721304697,0.0396277252792662,0.0165131771850685,0.0290149463306331,0.0221012181177386,0.019239733234243,0.0463815575782359,0.0249503312235307,0.0431034793867238,0.0289057170638148,0.0324020447051254,3.70265568092998
"COL1A2",0.0204603439820072,0.0171812025427571,0.0310861212378776,0.0193771351716145,2.40338145149586,0.094381559411612,0.0106028124962898,0.0114052942958357,0.00854401331668325,0.0170322487299893,0.0239957986300624,0.0192528381081567,0.0316703348089901,0.0174044291422052,0.0415391333585316,0.032131002138781,0.0236498383197322,3.67374858047735
"COL3A1",0.0181393395439139,0.016513638118386,0.0354954626450187,0.0252662806644109,2.52166282345241,0.099980969674383,0.0173092651523298,0.0421561017526385,0.0309390694191653,0.0196088614593539,0.0286863508959522,0.0210989178655662,0.0323242487785152,0.0214539095337683,0.0515960936535371,0.027965959900252,0.00433346256268192,3.78487712580736
"DCN",0.00958311582922777,0.0117837138137738,0.0164581964172655,0.0409417362442921,0.471226781227489,0.02687609984938,0.012219589101674,0.0313169186059736,0.0245477339548238,0,0.0191290245800256,0.00893773686277646,0.0219539621700565,0.0125421985734162,0.0268929450366544,0.0150562104906252,0.00990438344605078,2.94695075593048
"LUM",0.0214617241738738,0.012548294288767,0.0268432271587524,0.0213088512948448,0.901816466302497,0.0333983165832042,0.031243975281283,0.0268195226290874,0.0320116099301017,0.0760039173012601,0.0192616720875418,0.0148646005075266,0.0590327917188615,0.0118637887427255,0.0149696762727015,0.0204074505298877,0.0149962775958982,3.39792390448103
"PDGFRA",0.000584662865140307,0,0,0.00230953668845379,0.0158676250246313,0.0102018849530548,0.00630208932410532,0.0505549030493601,0.0098982696102938,0,0.00263659615306123,0.000953807394762771,0.000477905015045788,0.00116679752113081,0.00241646992207553,0.0021645167196965,0,0.997066246859486
"PECAM1",0.0164398921543766,0.0261514102328099,0.0451970496757399,0.00814623621601849,0.00630770103607428,1.79186766124964,0.00238119376551619,0.0443322313168353,0.127229249804911,0.212398531341817,0.0779025321977883,0.00710036756120334,0.011140763155047,0.147256745062483,0.365358438276861,0.265226069076427,0.226259227296348,0.00877169487466874
"VWF",0.00139706070931303,0.00250262684935341,0.00431656734369261,0,0.0125761046410228,1.49455960582097,0,0.0025999891154518,0.00261218250719346,0,0.00430369030788482,0.00198840920441563,0.00236781193078119,0.00415952183441545,0.00294227281588578,0.00254948672232284,0.00179590531668529,0.00640583732035572
"KDR",0.000805049184606725,0.000353653398057809,0.00089595430232593,0,0.00322367144637817,0.804396455237562,0,0.00696018195244699,0,0.032341457102993,0.00219255987382191,0,0.00211811990764879,0.00187157950087017,0,0.000454691156018614,0.00260834116193468,0.00182463091553736
"EMCN",0.000406709951807799,0.000944899235835841,0,0,0.00844494818233687,0.951269422285679,0,0,0,0,0.00133967936624194,0.00177558288262651,0,0.00151022234111803,0,0,0.0028652549740584,0.0092061646131073
"CLDN5",0.00289602704977933,0.000239840624650355,0,0,0.00727505382518706,1.21587844752595,0,0,0.00115540549003865,0,0.000899090746281248,0.00383428591436943,0.00229289663704767,0.00263942426058042,0.000613983448887912,0.000617122257770631,0,0.00822865632355352
"RGS5",0.00557833982344239,0.00538519767896794,0.010224391221468,0.0136586036891891,2.31795924477334,0.112051904974869,0.0135464610355165,0.0021381577816821,0.00394548856404451,0.0112814873673214,0.00542765682376786,0.0105232217770757,0.0159046603125036,0.00928821841577893,0.0103862019940179,0.00468659251904836,0.0079434323404574,0.0531295273997937
"CSPG4",0.000914491231656667,0,0,0,0.515373241654705,0.0143276659915277,0,0,0,0,0.000727038347743558,0.000685415000897335,0.00123031691253032,0.000568965421581837,0.0016772033354221,0,0,0.0326607326589076
"MCAM",0.0348912269332629,0.00495958847918333,0.0261478557579089,0.00524082654549235,1.47808073615518,1.26859681121014,0,0.0121426670016456,0.00531299552820723,0,0.0437426454466301,0.094042811198539,0.00574386148549952,0.00497481026084092,0.000469207527742783,0.000529455445928475,0.00247160772053269,0.126982039194903
"PDGFRB",0.00204223276014323,0.00439673107907305,0.014333512526995,0.00257670541686524,1.59867368778844,0.0337641874703238,0.00820663185564863,0.0135404632071847,0.00600544793369759,0.0182468260532589,0.00945705588554593,0.0016832141218991,0.00325937840739819,0.00191472111450813,0.00553965545356492,0.0130291326419819,0.0017153183670516,0.967302101654869
"ACTA2",0.0350751535790435,0.0190278350080778,0.0331803216746264,0.00923315689073799,2.7943461453529,0.0565173062042419,0.0420874017289564,0.0382725027335815,0.0176557899147376,0,0.0507487114997437,0.110964039891146,0.0164823536602734,0.0101379819982288,0.043040364441861,0.0239023882799921,0.00626443442306305,1.20492446965096
