"p_val","avg_log2FC","pct.1","pct.2","p_val_adj","cluster","gene","gene_id","gene_symbol"
1.3840887315809e-32,5.41246849959238,0.323,0.009,4.6635485721887e-28,"3","ENSG00000049768","ENSG00000049768","FOXP3"
2.08422376937612e-59,4.64022972346968,0.578,0.075,7.0225835685359e-55,"3","ENSG00000186827","ENSG00000186827","TNFRSF4"
8.89328893661156e-36,4.37742551397994,0.374,0.029,2.9965047743019e-31,"3","ENSG00000167618","ENSG00000167618","LAIR2"
1.27667327485407e-15,4.17569649083195,0.23,0.027,4.3016229322933e-11,"3","ENSG00000182010","ENSG00000182010","RTKN2"
5.8752378073392e-26,4.01455266411728,0.314,0.038,1.97960262680487e-21,"3","ENSG00000134460","ENSG00000134460","IL2RA"
9.78034437615728e-25,3.95129478043491,0.282,0.037,3.29538923410243e-20,"3","ENSG00000280721","ENSG00000280721","AC133644.2"
2.8261719322758e-56,3.82412283718351,0.621,0.102,9.52250370861009e-52,"3","ENSG00000156127","ENSG00000156127","BATF"
2.91335888849197e-45,3.80648128140414,0.574,0.1,9.81627143888485e-41,"3","ENSG00000186891","ENSG00000186891","TNFRSF18"
1.21117184850948e-48,3.71857639800123,0.5,0.049,4.08092242636784e-44,"3","ENSG00000163599","ENSG00000163599","CTLA4"
2.53163682203445e-08,3.48508726460085,0.224,0.066,0.000853009710816287,"3","ENSG00000187601","ENSG00000187601","MAGEH1"
4.59125571913844e-35,3.02314976119706,0.484,0.082,1.54697770200651e-30,"3","ENSG00000181847","ENSG00000181847","TIGIT"
6.11552043863747e-49,3.02304719811569,0.551,0.085,2.06056345659451e-44,"3","ENSG00000163600","ENSG00000163600","ICOS"
1.63981056316137e-39,7.30616042668516,0.379,0.003,5.52517771151593e-35,"5","ENSG00000211673","ENSG00000211673","IGLV3-1"
2.39469170324649e-35,7.10807411351286,0.351,0.02,8.06867422491874e-31,"5","ENSG00000254709","ENSG00000254709","IGLL5"
2.02780411960846e-130,7.08556050594889,0.994,0.329,6.83248320060875e-126,"5","ENSG00000132465","ENSG00000132465","JCHAIN"
2.1785565065119e-17,6.97335377090153,0.64,0.287,7.34042829304119e-13,"5","ENSG00000211679","ENSG00000211679","IGLC3"
1.66175409311024e-71,6.88312122495219,0.983,0.67,5.59911424132564e-67,"5","ENSG00000211895","ENSG00000211895","IGHA1"
8.63413865748156e-52,6.74275916274955,0.984,0.843,2.90918667925184e-47,"5","ENSG00000211592","ENSG00000211592","IGKC"
8.92527252674916e-21,6.58836280795583,0.326,0.075,3.00728132516286e-16,"5","ENSG00000211893","ENSG00000211893","IGHG2"
7.35655787218508e-13,6.58793536519436,0.852,0.555,2.47871860945404e-08,"5","ENSG00000211677","ENSG00000211677","IGLC2"
2.2778813432711e-65,6.54977354332241,0.788,0.249,7.67509339801764e-61,"5","ENSG00000211890","ENSG00000211890","IGHA2"
6.18585487623693e-23,6.22050852734416,0.239,0.005,2.08426194199927e-18,"5","ENSG00000243290","ENSG00000243290","IGKV1-12"
2.11792891733509e-20,6.2067372340437,0.208,0.007,7.13614969406884e-16,"5","ENSG00000211598","ENSG00000211598","IGKV4-1"
6.69487962292155e-15,6.14584784848223,0.514,0.217,2.25577274014719e-10,"5","ENSG00000211896","ENSG00000211896","IGHG1"
4.16481105444886e-27,7.7743342195161,0.221,0.003,1.403291436686e-22,"2","ENSG00000143185","ENSG00000143185","XCL2"
5.4674484701437e-31,7.22589348189877,0.306,0.006,1.84220208753022e-26,"2","ENSG00000100450","ENSG00000100450","GZMH"
4.70886912710336e-42,6.5607297152149,0.411,0.01,1.58660636368621e-37,"2","ENSG00000134539","ENSG00000134539","KLRD1"
3.62668099015505e-21,6.07970442608306,0.239,0.019,1.22197389282284e-16,"2","ENSG00000115523","ENSG00000115523","GNLY"
8.0852497007772e-85,6.03954125526539,0.759,0.043,2.72424403417987e-80,"2","ENSG00000105374","ENSG00000105374","NKG7"
1.05042238587037e-47,5.62271506401355,0.466,0.02,3.53929318695162e-43,"2","ENSG00000113088","ENSG00000113088","GZMK"
2.14445127326952e-23,5.55829326668401,0.26,0.011,7.22551412015431e-19,"2","ENSG00000111537","ENSG00000111537","IFNG"
2.38658643868983e-40,5.50645524749866,0.371,0.017,8.04136434652152e-36,"2","ENSG00000180644","ENSG00000180644","PRF1"
3.29561500364e-48,5.48918233640655,0.447,0.015,1.11042451932646e-43,"2","ENSG00000153563","ENSG00000153563","CD8A"
2.54530745191123e-32,5.44349808771534,0.335,0.012,8.57615892846971e-28,"2","ENSG00000172116","ENSG00000172116","CD8B"
8.38870944523434e-73,5.41505845967299,0.724,0.038,2.82649176047726e-68,"2","ENSG00000145649","ENSG00000145649","GZMA"
5.48709928753902e-118,5.26712652836553,0.921,0.092,1.8488232339434e-113,"2","ENSG00000271503","ENSG00000271503","CCL5"
3.38649153905032e-63,7.1907122277995,0.549,0.008,1.14104445916762e-58,"7","ENSG00000186407","ENSG00000186407","CD300E"
6.11722973948244e-73,6.89310261707793,0.627,0.034,2.06113938842121e-68,"7","ENSG00000124882","ENSG00000124882","EREG"
1.10293012353408e-43,6.78585308264974,0.417,0.004,3.71621275823572e-39,"7","ENSG00000085265","ENSG00000085265","FCN1"
1.20015638014771e-25,5.14815374833117,0.265,0.01,4.04380690726969e-21,"7","ENSG00000258227","ENSG00000258227","CLEC5A"
1.62062444117441e-32,5.12710820322078,0.349,0.011,5.46053199209306e-28,"7","ENSG00000139572","ENSG00000139572","GPR84"
6.11957364046755e-97,5.03586815511952,0.855,0.08,2.06192914241914e-92,"7","ENSG00000125538","ENSG00000125538","IL1B"
2.90029792597414e-21,5.02591745582734,0.249,0.023,9.77226383177728e-17,"7","ENSG00000136244","ENSG00000136244","IL6"
3.67606822257898e-32,4.96963191240363,0.35,0.032,1.23861442691576e-27,"7","ENSG00000122641","ENSG00000122641","INHBA"
5.25998498804017e-43,4.78500899183417,0.443,0.021,1.77229934187025e-38,"7","ENSG00000162711","ENSG00000162711","NLRP3"
2.82990073529532e-57,4.76835441544528,0.527,0.024,9.53506753750406e-53,"7","ENSG00000173391","ENSG00000173391","OLR1"
9.10694617369401e-44,4.69296179910544,0.522,0.09,3.06849444376446e-39,"7","ENSG00000163734","ENSG00000163734","CXCL3"
2.19150737461532e-26,4.54491765490746,0.312,0.016,7.38406494802885e-22,"7","ENSG00000128383","ENSG00000128383","APOBEC3A"
2.76685824523577e-16,2.86844836542332,0.21,0.038,9.32265217149742e-12,"0","ENSG00000102245","ENSG00000102245","CD40LG"
3.35872930094939e-11,2.62453191608842,0.202,0.05,1.13169025066189e-06,"0","ENSG00000182463","ENSG00000182463","TSHZ2"
6.75595613469076e-20,2.46052653932739,0.336,0.097,2.27635186002271e-15,"0","ENSG00000081059","ENSG00000081059","TCF7"
6.76434909486367e-11,2.43699080501395,0.215,0.068,2.27917978402336e-06,"0","ENSG00000070718","ENSG00000070718","AP3M2"
7.30884954647356e-18,2.22818838301371,0.355,0.102,2.4626437661888e-13,"0","ENSG00000127152","ENSG00000127152","BCL11B"
2.9949300421709e-25,2.17132100410918,0.483,0.142,1.00911172840906e-20,"0","ENSG00000179144","ENSG00000179144","GIMAP7"
6.13132394782697e-53,2.12393634342971,0.789,0.246,2.06588829098082e-48,"0","ENSG00000168685","ENSG00000168685","IL7R"
7.04557775456919e-16,2.10439010953428,0.295,0.089,2.37393696862454e-11,"0","ENSG00000113263","ENSG00000113263","ITK"
2.31100626925866e-11,2.04912777298747,0.216,0.066,7.78670452364014e-07,"0","ENSG00000152495","ENSG00000152495","CAMK4"
1.981759151257e-14,1.9858674175872,0.293,0.075,6.67733928424532e-10,"0","ENSG00000163519","ENSG00000163519","TRAT1"
1.05042087067165e-09,1.90087742105771,0.203,0.076,3.53928808164105e-05,"0","ENSG00000101695","ENSG00000101695","RNF125"
2.2773821914039e-10,1.87947344143828,0.273,0.087,7.67341155571631e-06,"0","ENSG00000013725","ENSG00000013725","CD6"
8.72845561856148e-92,10.2201609188662,0.704,0.006,2.9409658361181e-87,"8","ENSG00000162747","ENSG00000162747","FCGR3B"
8.157079418352e-37,9.59238737952623,0.342,0.002,2.74844633921952e-32,"8","ENSG00000180871","ENSG00000180871","CXCR2"
2.00346372536498e-41,8.88343795804116,0.375,0.004,6.75047067624475e-37,"8","ENSG00000140932","ENSG00000140932","CMTM2"
1.78811763761172e-28,8.48798692711559,0.266,0.005,6.02488356816892e-24,"8","ENSG00000126262","ENSG00000126262","FFAR2"
4.48321592241101e-47,7.91077648299213,0.415,0.013,1.51057477289716e-42,"8","ENSG00000255398","ENSG00000255398","HCAR3"
1.31765348697001e-24,7.81253970863737,0.238,0.004,4.43970165899677e-20,"8","ENSG00000182885","ENSG00000182885","ADGRG3"
2.12668404047096e-70,7.64566765966311,0.638,0.028,7.16564920596284e-66,"8","ENSG00000119535","ENSG00000119535","CSF3R"
2.89128084748527e-28,7.27047673657853,0.286,0.01,9.74188168751686e-24,"8","ENSG00000268734","ENSG00000268734","CTB-61M7.2"
1.39366401675988e-30,7.18100458308709,0.312,0.012,4.69581153807073e-26,"8","ENSG00000171049","ENSG00000171049","FPR2"
9.84287864606674e-123,6.82040652051449,0.869,0.063,3.31645953100573e-118,"8","ENSG00000143546","ENSG00000143546","S100A8"
2.82231592873599e-32,6.56593680039482,0.302,0.015,9.50951129028306e-28,"8","ENSG00000182782","ENSG00000182782","HCAR2"
8.62832794515033e-58,6.32428552280912,0.521,0.038,2.90722881783895e-53,"8","ENSG00000171051","ENSG00000171051","FPR1"
1.68684010730899e-18,5.69138695769465,0.218,0.008,5.68363905756692e-14,"1","ENSG00000104921","ENSG00000104921","FCER2"
6.9682903578113e-18,5.61040608643222,0.216,0.007,2.34789575316094e-13,"1","ENSG00000211898","ENSG00000211898","IGHD"
7.08298147111229e-87,5.53342785554917,0.748,0.027,2.38653977687658e-82,"1","ENSG00000153064","ENSG00000153064","BANK1"
8.47175051942136e-35,5.34348597052563,0.325,0.011,2.85447162001383e-30,"1","ENSG00000205056","ENSG00000205056","RP11-693J15.5"
1.33645371115682e-32,5.27296404792763,0.34,0.02,4.50304713437178e-28,"1","ENSG00000234184","ENSG00000234184","RP5-887A10.1"
3.63367185617779e-33,4.87403686972718,0.405,0.029,1.22432939522054e-28,"1","ENSG00000247982","ENSG00000247982","LINC00926"
5.54048792482714e-78,4.86257119570996,0.724,0.04,1.86681200139126e-73,"1","ENSG00000128218","ENSG00000128218","VPREB3"
4.36990869398566e-24,4.70150393296205,0.27,0.014,1.47239703535153e-19,"1","ENSG00000196092","ENSG00000196092","PAX5"
6.43856543159223e-26,4.67304905142766,0.359,0.035,2.16941023652069e-21,"1","ENSG00000240505","ENSG00000240505","TNFRSF13B"
1.10274137420711e-46,4.62153270513554,0.529,0.043,3.71557678625342e-42,"1","ENSG00000159958","ENSG00000159958","TNFRSF13C"
9.18011915383891e-25,4.62141107868694,0.287,0.016,3.09314934769448e-20,"1","ENSG00000136573","ENSG00000136573","BLK"
1.30672973530511e-25,4.53146430130507,0.331,0.025,4.40289517013704e-21,"1","ENSG00000138639","ENSG00000138639","ARHGAP24"
2.81946607612121e-21,7.6733384123621,0.213,0,9.4999089968828e-17,"4","ENSG00000187258","ENSG00000187258","NPSR1"
4.55664774723727e-25,7.46930738139253,0.288,0.044,1.53531689195413e-20,"4","ENSG00000160181","ENSG00000160181","TFF2"
4.68103111952527e-73,7.45873565911725,0.621,0.061,1.57722662541285e-68,"4","ENSG00000160182","ENSG00000160182","TFF1"
1.34082371190997e-21,7.28835355877618,0.222,0.002,4.51777141490947e-17,"4","ENSG00000137699","ENSG00000137699","TRIM29"
1.31251954338993e-74,7.12873694335655,0.605,0.014,4.42240334949804e-70,"4","ENSG00000086548","ENSG00000086548","CEACAM6"
6.23146287319469e-31,7.06403134664788,0.344,0.029,2.09962910049422e-26,"4","ENSG00000134193","ENSG00000134193","REG4"
5.41577587315698e-24,6.89241319199283,0.234,0.001,1.82479152270151e-19,"4","ENSG00000268628","ENSG00000268628","RP1-122P22.4"
1.70938852847755e-26,6.8184198998779,0.253,0.001,5.75961370785227e-22,"4","ENSG00000160862","ENSG00000160862","AZGP1"
3.59245029326379e-23,6.79757613856316,0.221,0.003,1.2104402018123e-18,"4","ENSG00000169876","ENSG00000169876","MUC17"
1.51844931439879e-21,6.68898763069047,0.202,0.002,5.11626311993528e-17,"4","ENSG00000196188","ENSG00000196188","CTSE"
1.83043441114828e-33,6.62145550014739,0.288,0.004,6.16746570492302e-29,"4","ENSG00000065618","ENSG00000065618","COL17A1"
1.35183146891008e-48,6.56322360310839,0.419,0.005,4.55486095134562e-44,"4","ENSG00000204616","ENSG00000204616","TRIM31"
2.8494352218867e-46,12.5565587541791,0.42,0.001,9.60088703662505e-42,"11","ENSG00000100448","ENSG00000100448","CTSG"
3.70434328521794e-146,11.8580647139479,0.983,0.006,1.24814142652133e-141,"11","ENSG00000172236","ENSG00000172236","TPSAB1"
4.47004126735826e-141,11.6533324395817,0.953,0.003,1.50613570462369e-136,"11","ENSG00000163751","ENSG00000163751","CPA3"
8.9284992075884e-146,11.4259379021039,0.984,0.012,3.00836852300484e-141,"11","ENSG00000197253","ENSG00000197253","TPSB2"
3.07605336523086e-113,11.2172446094492,0.8,0.001,1.03644542088089e-108,"11","ENSG00000149534","ENSG00000149534","MS4A2"
1.03359094306518e-53,11.061147742588,0.451,0,3.4825813235638e-49,"11","ENSG00000233968","ENSG00000233968","RP11-354E11.2"
3.30426084886203e-89,11.0392729039154,0.685,0.001,1.11333765041557e-84,"11","ENSG00000165646","ENSG00000165646","SLC18A2"
3.3032026173165e-20,10.5386910847091,0.209,0.001,1.11298108987862e-15,"11","ENSG00000157703","ENSG00000157703","SVOPL"
6.07463351354771e-77,10.3499961684708,0.641,0.001,2.04678701605476e-72,"11","ENSG00000140287","ENSG00000140287","HDC"
8.9191628892446e-36,9.98578129024287,0.334,0.001,3.00522274390207e-31,"11","ENSG00000169224","ENSG00000169224","GCSAML"
1.0518439605364e-109,9.28012127260629,0.815,0.009,3.54408304063133e-105,"11","ENSG00000179348","ENSG00000179348","GATA2"
2.87370363544464e-24,9.08664665747226,0.22,0,9.68265702926715e-20,"11","ENSG00000138395","ENSG00000138395","CDK15"
4.96143927560027e-34,7.96239502954309,0.327,0.011,1.67170734952075e-29,"6","ENSG00000275385","ENSG00000275385","CCL18"
1.91483958715318e-23,7.68489198732835,0.256,0.002,6.45186050495391e-19,"6","ENSG00000105609","ENSG00000105609","LILRB5"
4.09219121960055e-21,7.25258005971368,0.207,0.003,1.37882290953221e-16,"6","ENSG00000090659","ENSG00000090659","CD209"
4.05166382241105e-74,7.01195128077507,0.692,0.049,1.36516760832318e-69,"6","ENSG00000130208","ENSG00000130208","APOC1"
2.29433795577787e-37,6.73649433791483,0.344,0.005,7.73054230819794e-33,"6","ENSG00000095970","ENSG00000095970","TREM2"
1.33422438837619e-46,6.62662663162328,0.46,0.008,4.49553565419475e-42,"6","ENSG00000038945","ENSG00000038945","MSR1"
4.19798857488058e-120,6.55701252751166,0.892,0.041,1.41447027042026e-115,"6","ENSG00000173369","ENSG00000173369","C1QB"
2.91079593737776e-127,6.53952196227775,0.91,0.047,9.80763583140063e-123,"6","ENSG00000173372","ENSG00000173372","C1QA"
6.17074341077886e-117,6.52878381230846,0.884,0.032,2.07917028482783e-112,"6","ENSG00000159189","ENSG00000159189","C1QC"
8.96727263875748e-82,6.37145425714442,0.748,0.084,3.02143284290295e-77,"6","ENSG00000130203","ENSG00000130203","APOE"
3.33472480445711e-47,6.34973110607507,0.427,0.018,1.12360217561378e-42,"6","ENSG00000262406","ENSG00000262406","MMP12"
4.43589517648344e-31,6.16759408779468,0.353,0.014,1.49463052076433e-26,"6","ENSG00000165457","ENSG00000165457","FOLR2"
8.04813847919967e-21,7.48586662867964,0.211,0.001,2.71173977918154e-16,"10","ENSG00000170054","ENSG00000170054","SERPINA9"
7.01458518587762e-22,6.48649664672012,0.213,0.001,2.3634943325296e-17,"10","ENSG00000111732","ENSG00000111732","AICDA"
2.86724692301759e-25,5.96746255736231,0.251,0.008,9.66090178241546e-21,"10","ENSG00000175600","ENSG00000175600","SUGCT"
1.826602811584e-28,5.89878403313473,0.3,0.015,6.15455551335112e-24,"10","ENSG00000132744","ENSG00000132744","ACY3"
2.93793600888318e-68,5.32165141721496,0.642,0.036,9.89908158833099e-64,"10","ENSG00000166803","ENSG00000166803","KIAA0101"
1.19532876497738e-58,5.23753851988274,0.567,0.032,4.0275407407148e-54,"10","ENSG00000176890","ENSG00000176890","TYMS"
6.02953049422453e-38,5.22668207390867,0.404,0.02,2.03159000472401e-33,"10","ENSG00000157456","ENSG00000157456","CCNB2"
3.32081169895768e-27,5.18562987841645,0.255,0.008,1.1189142938468e-22,"10","ENSG00000225885","ENSG00000225885","AC023590.1"
2.34042318015445e-33,5.15571688726072,0.363,0.015,7.88582186321239e-29,"10","ENSG00000178999","ENSG00000178999","AURKB"
6.47925623752823e-22,5.14202748464982,0.262,0.012,2.18312059667276e-17,"10","ENSG00000126787","ENSG00000126787","DLGAP5"
6.21252483668037e-29,5.12677139804389,0.317,0.016,2.09324811847108e-24,"10","ENSG00000184357","ENSG00000184357","HIST1H1B"
1.14021787528825e-28,5.08524911539265,0.339,0.017,3.84185010899624e-24,"10","ENSG00000066279","ENSG00000066279","ASPM"
1.64886669253535e-47,5.83198368855494,0.52,0.01,5.55569143382862e-43,"16","ENSG00000273983","ENSG00000273983","HIST1H3G"
2.60180028953019e-35,5.7220422118467,0.382,0.01,8.76650589554302e-31,"16","ENSG00000167634","ENSG00000167634","NLRP7"
4.87534473923014e-45,5.7127205779958,0.48,0.01,1.6426986564362e-40,"16","ENSG00000179750","ENSG00000179750","APOBEC3B"
1.18136552907239e-39,5.00024944457945,0.431,0.011,3.9804930136565e-35,"16","ENSG00000276368","ENSG00000276368","HIST1H2AJ"
6.56043908371808e-22,4.88741513369071,0.244,0.005,2.21047434486797e-17,"16","ENSG00000278272","ENSG00000278272","HIST1H3C"
8.10809084827149e-45,4.81906887787164,0.488,0.011,2.7319401304166e-40,"16","ENSG00000274267","ENSG00000274267","HIST1H3B"
2.66915691877995e-16,4.80747660017051,0.203,0.013,8.99345732213716e-12,"16","ENSG00000153789","ENSG00000153789","FAM92B"
2.12606971188254e-61,4.54932526101017,0.683,0.046,7.16357928721702e-57,"16","ENSG00000124635","ENSG00000124635","HIST1H2BJ"
9.48580769759896e-86,4.46714650945107,1,0.137,3.19614804562899e-81,"16","ENSG00000170476","ENSG00000170476","MZB1"
1.31618346754962e-29,4.38067871246359,0.358,0.03,4.43474857556168e-25,"16","ENSG00000211640","ENSG00000211640","IGLV6-57"
1.83710003017397e-46,4.33841796950231,0.561,0.044,6.18992484166817e-42,"16","ENSG00000184451","ENSG00000184451","CCR10"
1.33400095123797e-46,4.32216093233172,0.528,0.022,4.49478280510123e-42,"16","ENSG00000258572","ENSG00000258572","RP11-1070N10.3"
7.69909377697337e-33,10.0972975331926,0.313,0.001,2.59413265721341e-28,"12","ENSG00000131097","ENSG00000131097","HIGD1B"
1.70938852847755e-26,9.71121132820762,0.254,0,5.75961370785227e-22,"12","ENSG00000180785","ENSG00000180785","OR51E1"
3.2612272430534e-26,9.45943765513674,0.25,0.001,1.09883790727441e-21,"12","ENSG00000169783","ENSG00000169783","LINGO1"
1.24731134272465e-34,9.24659382450812,0.309,0.001,4.20269083817644e-30,"12","ENSG00000121361","ENSG00000121361","KCNJ8"
2.32857089084057e-96,9.17893771075782,0.741,0.009,7.84588675959822e-92,"12","ENSG00000143248","ENSG00000143248","RGS5"
5.55385879637936e-38,8.96743445476097,0.326,0.001,1.87131718285206e-33,"12","ENSG00000157766","ENSG00000157766","ACAN"
9.20530902902533e-29,8.75357544019108,0.276,0.001,3.10163682423979e-24,"12","ENSG00000069431","ENSG00000069431","ABCC9"
1.5519385857193e-35,8.74331911209266,0.326,0.002,5.22910187072262e-31,"12","ENSG00000163909","ENSG00000163909","HEYL"
8.50637391149212e-40,8.73946641623289,0.372,0.002,2.86613762573816e-35,"12","ENSG00000198523","ENSG00000198523","PLN"
3.3390066571254e-30,8.62261919981143,0.294,0.002,1.12504490305183e-25,"12","ENSG00000179772","ENSG00000179772","FOXS1"
8.39523231603186e-30,8.59739406590319,0.291,0.002,2.82868957656377e-25,"12","ENSG00000138792","ENSG00000138792","ENPEP"
7.04549710846939e-27,8.54436594220395,0.254,0.001,2.37390979572768e-22,"12","ENSG00000183807","ENSG00000183807","FAM162B"
1.87849132872204e-80,7.99808735987051,0.681,0.006,6.32938868299605e-76,"14","ENSG00000248144","ENSG00000248144","ADH1C"
2.63234190911946e-49,7.60843684988687,0.473,0.009,8.86941282858712e-45,"14","ENSG00000159182","ENSG00000159182","PRAC1"
3.43466425420987e-22,7.53684358120501,0.223,0.001,1.15727577381347e-17,"14","ENSG00000137860","ENSG00000137860","SLC28A2"
6.69073901706551e-40,6.96569031796946,0.381,0.008,2.25437760441005e-35,"14","ENSG00000159184","ENSG00000159184","HOXB13"
5.7513472926291e-25,6.5888180080034,0.256,0.002,1.93785895677845e-20,"14","ENSG00000135220","ENSG00000135220","UGT2A3"
4.35149393332088e-27,6.50251995669056,0.267,0.003,1.46619236589314e-22,"14","ENSG00000243955","ENSG00000243955","GSTA1"
1.74517058730905e-33,6.21883109941629,0.348,0.011,5.88017777687911e-29,"14","ENSG00000133710","ENSG00000133710","SPINK5"
1.45475442144353e-61,6.20172443336774,0.582,0.024,4.90164954761183e-57,"14","ENSG00000188257","ENSG00000188257","PLA2G2A"
2.2888623323649e-90,5.96058235272701,0.802,0.051,7.71209274267029e-86,"14","ENSG00000125144","ENSG00000125144","MT1G"
2.17321598013393e-44,5.9365614369727,0.432,0.014,7.32243392346325e-40,"14","ENSG00000137634","ENSG00000137634","NXPE4"
1.39827358867001e-51,5.91215858905105,0.498,0.024,4.71134302966473e-47,"14","ENSG00000189221","ENSG00000189221","MAOA"
1.82109511548417e-23,5.89267583445741,0.242,0.006,6.13599788211236e-19,"14","ENSG00000133742","ENSG00000133742","CA1"
1.75918398962942e-23,9.33750828244191,0.232,0.001,5.92739453465738e-19,"15","ENSG00000173404","ENSG00000173404","INSM1"
6.72147948179455e-52,9.16326641173992,0.489,0.005,2.26473529659585e-47,"15","ENSG00000102962","ENSG00000102962","CCL22"
9.36197431679879e-24,8.67138121469022,0.242,0.001,3.15442362630219e-19,"15","ENSG00000188505","ENSG00000188505","NCCRP1"
1.26399748016408e-62,8.56101296729882,0.589,0.007,4.25891310966484e-58,"15","ENSG00000172724","ENSG00000172724","CCL19"
5.81455063300918e-34,8.13897089660644,0.332,0.003,1.95915469028611e-29,"15","ENSG00000102970","ENSG00000102970","CCL17"
1.42971385084275e-26,7.81508972416962,0.279,0.004,4.81727784902956e-22,"15","ENSG00000221887","ENSG00000221887","HMSD"
2.08430586515091e-29,7.39016801101241,0.305,0.004,7.02286018203946e-25,"15","ENSG00000122025","ENSG00000122025","FLT3"
5.88553031914904e-65,7.24827912640132,0.611,0.016,1.98307058573408e-60,"15","ENSG00000078081","ENSG00000078081","LAMP3"
9.46718375374942e-24,7.13170124157223,0.242,0.003,3.18987289398833e-19,"15","ENSG00000166676","ENSG00000166676","TVP23A"
1.15276397552851e-25,6.43240824481537,0.268,0.007,3.88412293914576e-21,"15","ENSG00000137571","ENSG00000137571","SLCO5A1"
2.8040329475192e-62,5.95900152988249,0.689,0.067,9.44790861337118e-58,"15","ENSG00000075618","ENSG00000075618","FSCN1"
1.57147508518736e-43,5.93596232267052,0.489,0.025,5.29492815203028e-39,"15","ENSG00000105246","ENSG00000105246","EBI3"
1.94416382853204e-36,9.76165750143736,0.329,0.001,6.55066560385586e-32,"9","ENSG00000105989","ENSG00000105989","WNT2"
2.9964683952188e-31,9.71291467621643,0.311,0.001,1.00963006108502e-26,"9","ENSG00000060718","ENSG00000060718","COL11A1"
2.6310096863381e-22,9.61464738120674,0.221,0.001,8.86492403714758e-18,"9","ENSG00000141338","ENSG00000141338","ABCA8"
1.29257465839234e-78,9.36209809349449,0.627,0.002,4.35520105398713e-74,"9","ENSG00000134853","ENSG00000134853","PDGFRA"
6.21311938752259e-25,9.18191959876262,0.261,0.002,2.09344844643186e-20,"9","ENSG00000106483","ENSG00000106483","SFRP4"
2.18023009857117e-22,8.88917963660244,0.23,0.001,7.34606729412569e-18,"9","ENSG00000168079","ENSG00000168079","SCARA5"
1.01911482933078e-23,8.80478911648601,0.231,0.001,3.43380550594714e-19,"9","ENSG00000123500","ENSG00000123500","COL10A1"
1.31293888547385e-19,8.78611071937479,0.21,0.003,4.42381628071561e-15,"9","ENSG00000189058","ENSG00000189058","APOD"
3.75361989001272e-110,8.69464937741875,0.836,0.009,1.26474468574089e-105,"9","ENSG00000077942","ENSG00000077942","FBLN1"
4.25436440904332e-25,8.47597247553515,0.247,0.003,1.43346554398305e-20,"9","ENSG00000135744","ENSG00000135744","AGT"
3.41213920432288e-38,8.44245901895549,0.387,0.007,1.14968618350455e-33,"9","ENSG00000172156","ENSG00000172156","CCL11"
2.24332486478972e-53,8.31445220849555,0.494,0.005,7.55865879942249e-49,"9","ENSG00000186340","ENSG00000186340","THBS2"
3.64024877211334e-56,12.2831227713752,0.456,0,1.22654542127587e-51,"13","ENSG00000120279","ENSG00000120279","MYCT1"
3.88904542959533e-33,12.0073378702773,0.301,0,1.31037496704785e-28,"13","ENSG00000198844","ENSG00000198844","ARHGEF15"
2.6571131205859e-58,12.0051174527787,0.489,0.001,8.95287694850214e-54,"13","ENSG00000163762","ENSG00000163762","TM4SF18"
6.21224297263942e-26,11.176671091879,0.246,0.001,2.09315314720113e-21,"13","ENSG00000007908","ENSG00000007908","SELE"
1.5519385857193e-35,11.1009059941024,0.324,0,5.22910187072262e-31,"13","ENSG00000164736","ENSG00000164736","SOX17"
3.76984982719702e-78,10.9451646474426,0.623,0.001,1.27021320077576e-73,"13","ENSG00000162618","ENSG00000162618","ADGRL4"
1.48882814547432e-62,10.8361341208812,0.523,0,5.01645755336117e-58,"13","ENSG00000147113","ENSG00000147113","CXorf36"
1.63131860271424e-76,10.4060663300452,0.617,0.001,5.49656489998537e-72,"13","ENSG00000179776","ENSG00000179776","CDH5"
3.67100461364826e-67,10.2325186096854,0.56,0.001,1.23690829452264e-62,"13","ENSG00000176435","ENSG00000176435","CLEC14A"
7.42729670168038e-73,10.1631880856218,0.595,0.002,2.50255335066419e-68,"13","ENSG00000184113","ENSG00000184113","CLDN5"
1.40711738281932e-78,10.1548225165776,0.633,0.003,4.74114130967142e-74,"13","ENSG00000110799","ENSG00000110799","VWF"
3.14423695052276e-67,9.96799005807387,0.56,0.001,1.05941919810914e-62,"13","ENSG00000118946","ENSG00000118946","PCDH17"
2.42601882385849e-56,10.4127676490054,0.585,0,8.1742278251088e-52,"17","ENSG00000198178","ENSG00000198178","CLEC4C"
4.14222073733014e-36,9.92083559545475,0.377,0.001,1.39567985523602e-31,"17","ENSG00000186081","ENSG00000186081","KRT5"
2.76737590036579e-73,9.40576641825987,0.774,0.002,9.32439635869251e-69,"17","ENSG00000239961","ENSG00000239961","LILRA4"
4.46356321510254e-47,9.25476165833898,0.509,0.003,1.50395298969665e-42,"17","ENSG00000171611","ENSG00000171611","PTCRA"
6.5488267778639e-38,8.04338298542941,0.396,0.003,2.20656169453346e-33,"17","ENSG00000069696","ENSG00000069696","DRD4"
4.02482578542548e-20,7.8169640967701,0.245,0.001,1.35612480014126e-15,"17","ENSG00000070915","ENSG00000070915","SLC12A3"
7.26586755123615e-62,7.75725355586522,0.66,0.005,2.44816141271351e-57,"17","ENSG00000070031","ENSG00000070031","SCT"
3.26753944642471e-27,7.70209245938685,0.283,0.002,1.10096474107834e-22,"17","ENSG00000142549","ENSG00000142549","IGLON5"
5.90101394728181e-20,7.51175698891322,0.226,0.001,1.98828763939713e-15,"17","ENSG00000101440","ENSG00000101440","ASIP"
6.5488267778639e-38,7.13429796502479,0.396,0.002,2.20656169453346e-33,"17","ENSG00000102174","ENSG00000102174","PHEX"
2.32434945941806e-18,6.40612785226409,0.208,0.003,7.8316630685632e-14,"17","ENSG00000221866","ENSG00000221866","PLXNA4"
3.26753944642471e-27,6.40563305818342,0.283,0.003,1.10096474107834e-22,"17","ENSG00000086288","ENSG00000086288","NME8"
