"sample_id","metric","quantile","value"
"L1","nCount_RNA",0,500
"L1","nCount_RNA",0.01,518
"L1","nCount_RNA",0.05,633
"L1","nCount_RNA",0.25,1646.75
"L1","nCount_RNA",0.5,3311
"L1","nCount_RNA",0.75,6267.5
"L1","nCount_RNA",0.95,33107.25
"L1","nCount_RNA",0.99,61756.26
"L1","nCount_RNA",1,212432
"L1","nFeature_RNA",0,28
"L1","nFeature_RNA",0.01,52
"L1","nFeature_RNA",0.05,92
"L1","nFeature_RNA",0.25,415.75
"L1","nFeature_RNA",0.5,998
"L1","nFeature_RNA",0.75,1597.25
"L1","nFeature_RNA",0.95,3587.8
"L1","nFeature_RNA",0.99,6540.59999999999
"L1","nFeature_RNA",1,10298
"L1","percent.mt",0,0
"L1","percent.mt",0.01,0.295466198864095
"L1","percent.mt",0.05,0.799286148942297
"L1","percent.mt",0.25,3.35778185371238
"L1","percent.mt",0.5,6.36663934030959
"L1","percent.mt",0.75,20.1803594351733
"L1","percent.mt",0.95,96.4933138098174
"L1","percent.mt",0.99,98.2633324956019
"L1","percent.mt",1,99.4211623060894
"L2","nCount_RNA",0,500
"L2","nCount_RNA",0.01,533
"L2","nCount_RNA",0.05,720.1
"L2","nCount_RNA",0.25,2589.5
"L2","nCount_RNA",0.5,4503
"L2","nCount_RNA",0.75,10848.5
"L2","nCount_RNA",0.95,36137.3
"L2","nCount_RNA",0.99,75840.6200000001
"L2","nCount_RNA",1,218248
"L2","nFeature_RNA",0,52
"L2","nFeature_RNA",0.01,179.34
"L2","nFeature_RNA",0.05,283
"L2","nFeature_RNA",0.25,799
"L2","nFeature_RNA",0.5,1220
"L2","nFeature_RNA",0.75,2002
"L2","nFeature_RNA",0.95,5125
"L2","nFeature_RNA",0.99,7072.82
"L2","nFeature_RNA",1,10293
"L2","percent.mt",0,0.549717057396928
"L2","percent.mt",0.01,1.78777873123893
"L2","percent.mt",0.05,3.54351929841612
"L2","percent.mt",0.25,7.21439332579416
"L2","percent.mt",0.5,13.1509860186825
"L2","percent.mt",0.75,40.7674874847788
"L2","percent.mt",0.95,71.696836561761
"L2","percent.mt",0.99,85.5405914571511
"L2","percent.mt",1,98.9881956155143
"L3","nCount_RNA",0,501
"L3","nCount_RNA",0.01,561
"L3","nCount_RNA",0.05,814.15
"L3","nCount_RNA",0.25,1977.5
"L3","nCount_RNA",0.5,3215.5
"L3","nCount_RNA",0.75,6089
"L3","nCount_RNA",0.95,19859.5
"L3","nCount_RNA",0.99,39085.1
"L3","nCount_RNA",1,207907
"L3","nFeature_RNA",0,18
"L3","nFeature_RNA",0.01,37
"L3","nFeature_RNA",0.05,125
"L3","nFeature_RNA",0.25,693.75
"L3","nFeature_RNA",0.5,1051
"L3","nFeature_RNA",0.75,1618.25
"L3","nFeature_RNA",0.95,3370.25
"L3","nFeature_RNA",0.99,5364.27
"L3","nFeature_RNA",1,9943
"L3","percent.mt",0,0
"L3","percent.mt",0.01,0.0650649731795041
"L3","percent.mt",0.05,0.784951287988099
"L3","percent.mt",0.25,3.79992639526086
"L3","percent.mt",0.5,5.70959080300369
"L3","percent.mt",0.75,9.91234513950514
"L3","percent.mt",0.95,93.6966369258782
"L3","percent.mt",0.99,98.3810238453872
"L3","percent.mt",1,99.5967741935484
"R1","nCount_RNA",0,501
"R1","nCount_RNA",0.01,533.88
"R1","nCount_RNA",0.05,675.4
"R1","nCount_RNA",0.25,1971
"R1","nCount_RNA",0.5,4326
"R1","nCount_RNA",0.75,6701
"R1","nCount_RNA",0.95,32523.8
"R1","nCount_RNA",0.99,58858.9599999999
"R1","nCount_RNA",1,412523
"R1","nFeature_RNA",0,27
"R1","nFeature_RNA",0.01,47
"R1","nFeature_RNA",0.05,187
"R1","nFeature_RNA",0.25,674
"R1","nFeature_RNA",0.5,1280
"R1","nFeature_RNA",0.75,1748
"R1","nFeature_RNA",0.95,3284.6
"R1","nFeature_RNA",0.99,5234.92
"R1","nFeature_RNA",1,11031
"R1","percent.mt",0,0
"R1","percent.mt",0.01,0.0317243867243867
"R1","percent.mt",0.05,0.271225134167334
"R1","percent.mt",0.25,2.96489720367555
"R1","percent.mt",0.5,4.8924604112503
"R1","percent.mt",0.75,7.67543859649123
"R1","percent.mt",0.95,80.3093355323545
"R1","percent.mt",0.99,96.9926239649757
"R1","percent.mt",1,99.4352007327126
"R2","nCount_RNA",0,500
"R2","nCount_RNA",0.01,536
"R2","nCount_RNA",0.05,703
"R2","nCount_RNA",0.25,2063.5
"R2","nCount_RNA",0.5,3190
"R2","nCount_RNA",0.75,4680.25
"R2","nCount_RNA",0.95,26637.85
"R2","nCount_RNA",0.99,53409.4099999997
"R2","nCount_RNA",1,284571
"R2","nFeature_RNA",0,11
"R2","nFeature_RNA",0.01,32.39
"R2","nFeature_RNA",0.05,191.95
"R2","nFeature_RNA",0.25,754.75
"R2","nFeature_RNA",0.5,1020
"R2","nFeature_RNA",0.75,1338.25
"R2","nFeature_RNA",0.95,2835.15
"R2","nFeature_RNA",0.99,5957.49999999995
"R2","nFeature_RNA",1,10214
"R2","percent.mt",0,0
"R2","percent.mt",0.01,0
"R2","percent.mt",0.05,0.448411656932464
"R2","percent.mt",0.25,4.74981290044221
"R2","percent.mt",0.5,6.92512879081286
"R2","percent.mt",0.75,11.2423377414745
"R2","percent.mt",0.95,68.6145687738512
"R2","percent.mt",0.99,96.4044162842033
"R2","percent.mt",1,99.2871189773845
"R3","nCount_RNA",0,500
"R3","nCount_RNA",0.01,526.04
"R3","nCount_RNA",0.05,660.2
"R3","nCount_RNA",0.25,1702
"R3","nCount_RNA",0.5,3120
"R3","nCount_RNA",0.75,7527
"R3","nCount_RNA",0.95,20401.6
"R3","nCount_RNA",0.99,41881.8
"R3","nCount_RNA",1,95996
"R3","nFeature_RNA",0,10
"R3","nFeature_RNA",0.01,44
"R3","nFeature_RNA",0.05,122
"R3","nFeature_RNA",0.25,574
"R3","nFeature_RNA",0.5,1024
"R3","nFeature_RNA",0.75,1629
"R3","nFeature_RNA",0.95,3781.6
"R3","nFeature_RNA",0.99,5864.96
"R3","nFeature_RNA",1,8387
"R3","percent.mt",0,0
"R3","percent.mt",0.01,0.373993988441897
"R3","percent.mt",0.05,1.43227561374155
"R3","percent.mt",0.25,5.92859482476253
"R3","percent.mt",0.5,11.6977696859354
"R3","percent.mt",0.75,49.2606107163434
"R3","percent.mt",0.95,96.6445262976611
"R3","percent.mt",0.99,98.7303904738261
"R3","percent.mt",1,99.6236910994764
